avg:,,,,,,,,
29.762,-5.0,23.423,-5.0,27.121,21.916,21.931,21.676,22.353
max:,,,,,,,,
30.0,-5.0,30.0,-5.0,30.0,30.0,30.0,30.0,30.0
min:,,,,,,,,
-4.0,-5.0,-4.0,-5.0,-4.0,-4.0,-4.0,-4.0,-4.0
DQN,Vanilla_DT_Entropy_5,Vanilla_DT_Entropy_10,Vanilla_Gini_5,Vanilla_Gini_10,EE_Force,EE_KD,EE_Ball,EE_Brute
30.0,-5.0,1.0,-5.0,30.0,30.0,30.0,30.0,30.0
30.0,-5.0,-3.0,-5.0,11.0,30.0,30.0,16.0,9.0
30.0,-5.0,30.0,-5.0,30.0,30.0,30.0,-4.0,22.0
30.0,-5.0,-3.0,-5.0,30.0,30.0,30.0,30.0,30.0
30.0,-5.0,30.0,-5.0,30.0,30.0,30.0,30.0,-4.0
30.0,-5.0,30.0,-5.0,30.0,30.0,1.0,10.0,-4.0
30.0,-5.0,30.0,-5.0,4.0,30.0,30.0,30.0,22.0
30.0,-5.0,30.0,-5.0,30.0,30.0,30.0,-1.0,30.0
30.0,-5.0,30.0,-5.0,30.0,30.0,-4.0,19.0,30.0
30.0,-5.0,17.0,-5.0,30.0,30.0,7.0,16.0,30.0
30.0,-5.0,19.0,-5.0,30.0,30.0,19.0,30.0,30.0
30.0,-5.0,3.0,-5.0,30.0,30.0,30.0,7.0,30.0
30.0,-5.0,30.0,-5.0,30.0,30.0,30.0,30.0,30.0
30.0,-5.0,7.0,-5.0,30.0,30.0,-2.0,30.0,30.0
30.0,-5.0,30.0,-5.0,30.0,30.0,30.0,30.0,10.0
30.0,-5.0,9.0,-5.0,9.0,30.0,12.0,30.0,30.0
30.0,-5.0,30.0,-5.0,30.0,30.0,22.0,7.0,4.0
30.0,-5.0,22.0,-5.0,30.0,30.0,19.0,16.0,30.0
30.0,-5.0,30.0,-5.0,30.0,10.0,30.0,30.0,30.0
30.0,-5.0,30.0,-5.0,30.0,30.0,22.0,1.0,30.0
30.0,-5.0,3.0,-5.0,30.0,-3.0,30.0,8.0,6.0
30.0,-5.0,30.0,-5.0,30.0,30.0,16.0,30.0,30.0
30.0,-5.0,8.0,-5.0,30.0,30.0,22.0,30.0,30.0
30.0,-5.0,30.0,-5.0,30.0,30.0,30.0,30.0,30.0
30.0,-5.0,30.0,-5.0,30.0,30.0,30.0,18.0,30.0
30.0,-5.0,30.0,-5.0,30.0,22.0,30.0,19.0,30.0
30.0,-5.0,9.0,-5.0,30.0,30.0,30.0,24.0,30.0
30.0,-5.0,30.0,-5.0,30.0,30.0,30.0,30.0,1.0
30.0,-5.0,30.0,-5.0,30.0,30.0,30.0,13.0,30.0
30.0,-5.0,30.0,-5.0,30.0,4.0,10.0,-3.0,30.0
30.0,-5.0,30.0,-5.0,30.0,-2.0,30.0,30.0,30.0
30.0,-5.0,30.0,-5.0,30.0,30.0,30.0,1.0,30.0
30.0,-5.0,30.0,-5.0,21.0,30.0,4.0,30.0,30.0
30.0,-5.0,24.0,-5.0,30.0,30.0,30.0,7.0,-3.0
30.0,-5.0,30.0,-5.0,30.0,30.0,30.0,16.0,30.0
30.0,-5.0,4.0,-5.0,30.0,-2.0,16.0,-3.0,30.0
30.0,-5.0,24.0,-5.0,30.0,30.0,30.0,30.0,30.0
30.0,-5.0,30.0,-5.0,30.0,30.0,30.0,30.0,22.0
30.0,-5.0,30.0,-5.0,30.0,30.0,30.0,22.0,3.0
11.0,-5.0,30.0,-5.0,30.0,-3.0,30.0,30.0,30.0
30.0,-5.0,20.0,-5.0,30.0,30.0,30.0,30.0,30.0
30.0,-5.0,2.0,-5.0,30.0,24.0,30.0,30.0,19.0
30.0,-5.0,15.0,-5.0,30.0,30.0,9.0,30.0,30.0
30.0,-5.0,30.0,-5.0,30.0,30.0,30.0,6.0,19.0
30.0,-5.0,5.0,-5.0,20.0,30.0,19.0,30.0,7.0
30.0,-5.0,30.0,-5.0,30.0,30.0,5.0,30.0,30.0
30.0,-5.0,30.0,-5.0,30.0,30.0,30.0,9.0,30.0
30.0,-5.0,30.0,-5.0,30.0,30.0,30.0,1.0,30.0
30.0,-5.0,30.0,-5.0,30.0,10.0,10.0,13.0,16.0
30.0,-5.0,4.0,-5.0,30.0,7.0,10.0,1.0,30.0
30.0,-5.0,30.0,-5.0,30.0,30.0,30.0,16.0,4.0
30.0,-5.0,30.0,-5.0,30.0,30.0,30.0,30.0,22.0
30.0,-5.0,17.0,-5.0,30.0,30.0,5.0,30.0,30.0
30.0,-5.0,30.0,-5.0,30.0,30.0,30.0,-2.0,30.0
30.0,-5.0,30.0,-5.0,30.0,30.0,16.0,30.0,16.0
30.0,-5.0,30.0,-5.0,30.0,30.0,30.0,30.0,30.0
30.0,-5.0,30.0,-5.0,30.0,30.0,30.0,30.0,-4.0
30.0,-5.0,30.0,-5.0,30.0,2.0,30.0,-3.0,30.0
30.0,-5.0,30.0,-5.0,30.0,30.0,30.0,22.0,8.0
30.0,-5.0,30.0,-5.0,30.0,30.0,30.0,30.0,30.0
30.0,-5.0,30.0,-5.0,30.0,4.0,30.0,30.0,30.0
30.0,-5.0,30.0,-5.0,30.0,30.0,30.0,1.0,30.0
30.0,-5.0,30.0,-5.0,30.0,30.0,30.0,-2.0,30.0
30.0,-5.0,30.0,-5.0,15.0,30.0,13.0,30.0,30.0
30.0,-5.0,-2.0,-5.0,30.0,30.0,30.0,15.0,30.0
30.0,-5.0,30.0,-5.0,2.0,30.0,22.0,30.0,30.0
30.0,-5.0,30.0,-5.0,30.0,16.0,30.0,30.0,30.0
30.0,-5.0,30.0,-5.0,15.0,1.0,30.0,30.0,-2.0
30.0,-5.0,30.0,-5.0,30.0,30.0,30.0,30.0,30.0
30.0,-5.0,-2.0,-5.0,30.0,30.0,10.0,15.0,2.0
30.0,-5.0,30.0,-5.0,-2.0,9.0,14.0,13.0,-4.0
30.0,-5.0,30.0,-5.0,30.0,16.0,30.0,16.0,30.0
30.0,-5.0,30.0,-5.0,30.0,13.0,30.0,30.0,30.0
30.0,-5.0,30.0,-5.0,30.0,30.0,6.0,7.0,30.0
30.0,-5.0,-3.0,-5.0,30.0,30.0,30.0,7.0,30.0
30.0,-5.0,11.0,-5.0,30.0,30.0,30.0,30.0,0.0
30.0,-5.0,30.0,-5.0,30.0,30.0,19.0,30.0,30.0
30.0,-5.0,30.0,-5.0,30.0,30.0,-2.0,30.0,30.0
30.0,-5.0,-2.0,-5.0,30.0,30.0,30.0,30.0,30.0
30.0,-5.0,1.0,-5.0,30.0,30.0,30.0,2.0,30.0
30.0,-5.0,7.0,-5.0,30.0,4.0,3.0,4.0,30.0
30.0,-5.0,30.0,-5.0,30.0,30.0,30.0,30.0,30.0
30.0,-5.0,16.0,-5.0,30.0,13.0,4.0,3.0,23.0
30.0,-5.0,30.0,-5.0,30.0,10.0,13.0,-2.0,7.0
30.0,-5.0,30.0,-5.0,0.0,30.0,16.0,30.0,30.0
30.0,-5.0,30.0,-5.0,-2.0,24.0,30.0,30.0,30.0
30.0,-5.0,30.0,-5.0,30.0,16.0,7.0,30.0,30.0
30.0,-5.0,30.0,-5.0,1.0,30.0,30.0,15.0,13.0
30.0,-5.0,4.0,-5.0,30.0,30.0,-2.0,30.0,30.0
30.0,-5.0,30.0,-5.0,30.0,30.0,30.0,30.0,-2.0
30.0,-5.0,4.0,-5.0,30.0,30.0,30.0,19.0,30.0
30.0,-5.0,30.0,-5.0,30.0,30.0,22.0,30.0,30.0
30.0,-5.0,30.0,-5.0,30.0,14.0,-3.0,-2.0,30.0
30.0,-5.0,30.0,-5.0,30.0,8.0,30.0,-4.0,30.0
30.0,-5.0,30.0,-5.0,30.0,30.0,30.0,30.0,1.0
30.0,-5.0,30.0,-5.0,30.0,30.0,30.0,30.0,1.0
30.0,-5.0,30.0,-5.0,30.0,30.0,30.0,30.0,30.0
30.0,-5.0,30.0,-5.0,30.0,30.0,4.0,30.0,30.0
30.0,-5.0,30.0,-5.0,30.0,13.0,4.0,1.0,30.0
30.0,-5.0,30.0,-5.0,-3.0,30.0,-2.0,30.0,30.0
30.0,-5.0,7.0,-5.0,9.0,30.0,12.0,13.0,30.0
30.0,-5.0,15.0,-5.0,30.0,30.0,30.0,30.0,30.0
30.0,-5.0,13.0,-5.0,30.0,30.0,22.0,30.0,30.0
30.0,-5.0,30.0,-5.0,30.0,13.0,13.0,30.0,8.0
30.0,-5.0,30.0,-5.0,12.0,30.0,13.0,1.0,1.0
30.0,-5.0,30.0,-5.0,30.0,30.0,-2.0,30.0,-1.0
30.0,-5.0,11.0,-5.0,30.0,-2.0,30.0,30.0,30.0
30.0,-5.0,30.0,-5.0,30.0,23.0,30.0,-3.0,7.0
30.0,-5.0,30.0,-5.0,30.0,10.0,30.0,-2.0,19.0
30.0,-5.0,15.0,-5.0,30.0,30.0,30.0,30.0,30.0
30.0,-5.0,30.0,-5.0,30.0,-2.0,-4.0,1.0,10.0
30.0,-5.0,30.0,-5.0,30.0,30.0,7.0,0.0,30.0
30.0,-5.0,30.0,-5.0,11.0,19.0,15.0,30.0,-2.0
30.0,-5.0,30.0,-5.0,30.0,3.0,14.0,7.0,30.0
30.0,-5.0,16.0,-5.0,30.0,30.0,30.0,30.0,1.0
30.0,-5.0,30.0,-5.0,30.0,16.0,30.0,30.0,1.0
30.0,-5.0,30.0,-5.0,30.0,-2.0,30.0,30.0,30.0
30.0,-5.0,10.0,-5.0,30.0,30.0,24.0,30.0,13.0
30.0,-5.0,30.0,-5.0,-4.0,4.0,16.0,30.0,30.0
30.0,-5.0,30.0,-5.0,30.0,30.0,30.0,22.0,15.0
30.0,-5.0,30.0,-5.0,30.0,30.0,30.0,30.0,30.0
30.0,-5.0,30.0,-5.0,30.0,19.0,19.0,22.0,15.0
30.0,-5.0,19.0,-5.0,30.0,17.0,30.0,30.0,30.0
30.0,-5.0,30.0,-5.0,30.0,30.0,4.0,30.0,18.0
30.0,-5.0,30.0,-5.0,30.0,24.0,30.0,30.0,30.0
30.0,-5.0,6.0,-5.0,22.0,16.0,22.0,30.0,30.0
30.0,-5.0,30.0,-5.0,30.0,30.0,30.0,30.0,2.0
30.0,-5.0,10.0,-5.0,30.0,30.0,30.0,20.0,30.0
30.0,-5.0,30.0,-5.0,-2.0,1.0,-2.0,30.0,30.0
30.0,-5.0,30.0,-5.0,30.0,16.0,-2.0,30.0,21.0
30.0,-5.0,30.0,-5.0,30.0,30.0,22.0,30.0,7.0
30.0,-5.0,30.0,-5.0,16.0,-1.0,30.0,30.0,-3.0
30.0,-5.0,30.0,-5.0,30.0,11.0,30.0,30.0,30.0
30.0,-5.0,30.0,-5.0,30.0,30.0,30.0,30.0,1.0
30.0,-5.0,30.0,-5.0,30.0,30.0,-2.0,30.0,30.0
30.0,-5.0,-3.0,-5.0,7.0,19.0,30.0,30.0,30.0
30.0,-5.0,30.0,-5.0,30.0,30.0,30.0,30.0,30.0
30.0,-5.0,19.0,-5.0,30.0,30.0,1.0,30.0,30.0
30.0,-5.0,30.0,-5.0,30.0,1.0,-4.0,13.0,30.0
30.0,-5.0,30.0,-5.0,30.0,16.0,30.0,10.0,19.0
30.0,-5.0,30.0,-5.0,30.0,30.0,30.0,13.0,30.0
30.0,-5.0,30.0,-5.0,30.0,7.0,-2.0,30.0,30.0
-4.0,-5.0,30.0,-5.0,8.0,30.0,30.0,30.0,10.0
30.0,-5.0,30.0,-5.0,30.0,-3.0,-1.0,13.0,30.0
30.0,-5.0,22.0,-5.0,30.0,30.0,30.0,17.0,16.0
30.0,-5.0,30.0,-5.0,30.0,24.0,30.0,1.0,5.0
30.0,-5.0,30.0,-5.0,-4.0,30.0,30.0,30.0,10.0
30.0,-5.0,23.0,-5.0,30.0,30.0,30.0,22.0,1.0
30.0,-5.0,30.0,-5.0,30.0,30.0,30.0,30.0,22.0
30.0,-5.0,30.0,-5.0,-1.0,30.0,30.0,16.0,30.0
30.0,-5.0,30.0,-5.0,30.0,30.0,30.0,30.0,30.0
30.0,-5.0,30.0,-5.0,30.0,23.0,14.0,30.0,30.0
30.0,-5.0,30.0,-5.0,30.0,30.0,-3.0,22.0,30.0
30.0,-5.0,30.0,-5.0,30.0,30.0,30.0,7.0,30.0
30.0,-5.0,30.0,-5.0,30.0,30.0,0.0,30.0,4.0
30.0,-5.0,1.0,-5.0,30.0,19.0,30.0,4.0,30.0
30.0,-5.0,30.0,-5.0,30.0,19.0,10.0,-4.0,24.0
30.0,-5.0,30.0,-5.0,30.0,30.0,30.0,4.0,22.0
30.0,-5.0,30.0,-5.0,30.0,30.0,30.0,7.0,30.0
30.0,-5.0,30.0,-5.0,30.0,30.0,30.0,30.0,-4.0
30.0,-5.0,30.0,-5.0,30.0,7.0,30.0,24.0,30.0
30.0,-5.0,9.0,-5.0,30.0,30.0,30.0,1.0,30.0
30.0,-5.0,16.0,-5.0,30.0,30.0,30.0,30.0,11.0
30.0,-5.0,22.0,-5.0,30.0,30.0,30.0,-4.0,30.0
30.0,-5.0,16.0,-5.0,30.0,30.0,4.0,10.0,-2.0
30.0,-5.0,30.0,-5.0,30.0,30.0,7.0,30.0,30.0
30.0,-5.0,7.0,-5.0,30.0,30.0,30.0,30.0,1.0
30.0,-5.0,18.0,-5.0,30.0,30.0,30.0,7.0,20.0
30.0,-5.0,30.0,-5.0,30.0,4.0,30.0,20.0,30.0
30.0,-5.0,30.0,-5.0,30.0,-2.0,30.0,30.0,30.0
30.0,-5.0,-1.0,-5.0,30.0,4.0,30.0,30.0,1.0
30.0,-5.0,30.0,-5.0,30.0,30.0,30.0,-2.0,-3.0
30.0,-5.0,30.0,-5.0,30.0,12.0,30.0,30.0,4.0
30.0,-5.0,13.0,-5.0,30.0,19.0,30.0,10.0,30.0
30.0,-5.0,30.0,-5.0,30.0,1.0,1.0,30.0,10.0
30.0,-5.0,30.0,-5.0,30.0,13.0,30.0,22.0,30.0
30.0,-5.0,12.0,-5.0,30.0,30.0,30.0,30.0,30.0
30.0,-5.0,30.0,-5.0,18.0,-2.0,30.0,30.0,1.0
30.0,-5.0,2.0,-5.0,30.0,30.0,19.0,30.0,30.0
30.0,-5.0,30.0,-5.0,30.0,4.0,-2.0,30.0,30.0
30.0,-5.0,30.0,-5.0,30.0,19.0,19.0,30.0,30.0
30.0,-5.0,19.0,-5.0,30.0,30.0,4.0,30.0,30.0
30.0,-5.0,1.0,-5.0,30.0,-2.0,30.0,7.0,7.0
30.0,-5.0,30.0,-5.0,30.0,30.0,30.0,30.0,16.0
30.0,-5.0,13.0,-5.0,30.0,30.0,30.0,30.0,30.0
30.0,-5.0,13.0,-5.0,30.0,10.0,17.0,30.0,30.0
30.0,-5.0,30.0,-5.0,30.0,-4.0,-4.0,30.0,30.0
30.0,-5.0,30.0,-5.0,30.0,30.0,30.0,16.0,30.0
30.0,-5.0,30.0,-5.0,30.0,30.0,30.0,30.0,30.0
30.0,-5.0,-1.0,-5.0,30.0,22.0,30.0,-3.0,30.0
30.0,-5.0,30.0,-5.0,30.0,30.0,30.0,-4.0,4.0
30.0,-5.0,30.0,-5.0,30.0,13.0,30.0,11.0,21.0
30.0,-5.0,30.0,-5.0,30.0,30.0,30.0,30.0,7.0
30.0,-5.0,30.0,-5.0,30.0,30.0,30.0,4.0,30.0
30.0,-5.0,30.0,-5.0,3.0,21.0,30.0,30.0,30.0
30.0,-5.0,30.0,-5.0,30.0,30.0,30.0,30.0,30.0
30.0,-5.0,22.0,-5.0,30.0,0.0,30.0,30.0,30.0
30.0,-5.0,30.0,-5.0,30.0,30.0,2.0,30.0,-4.0
30.0,-5.0,30.0,-5.0,30.0,30.0,30.0,6.0,30.0
30.0,-5.0,30.0,-5.0,30.0,30.0,8.0,30.0,6.0
30.0,-5.0,30.0,-5.0,30.0,30.0,4.0,-3.0,2.0
30.0,-5.0,30.0,-5.0,30.0,30.0,30.0,30.0,30.0
30.0,-5.0,12.0,-5.0,22.0,-1.0,-2.0,30.0,30.0
30.0,-5.0,30.0,-5.0,30.0,-4.0,12.0,30.0,-2.0
30.0,-5.0,30.0,-5.0,30.0,30.0,30.0,22.0,30.0
30.0,-5.0,30.0,-5.0,-1.0,30.0,30.0,30.0,-4.0
30.0,-5.0,30.0,-5.0,30.0,30.0,30.0,1.0,30.0
30.0,-5.0,30.0,-5.0,30.0,30.0,30.0,30.0,30.0
30.0,-5.0,21.0,-5.0,22.0,30.0,21.0,30.0,23.0
30.0,-5.0,30.0,-5.0,30.0,10.0,30.0,30.0,30.0
30.0,-5.0,30.0,-5.0,30.0,-4.0,30.0,30.0,30.0
30.0,-5.0,30.0,-5.0,5.0,30.0,1.0,30.0,30.0
30.0,-5.0,30.0,-5.0,30.0,30.0,30.0,30.0,30.0
30.0,-5.0,30.0,-5.0,-3.0,-3.0,4.0,-4.0,30.0
30.0,-5.0,30.0,-5.0,21.0,30.0,30.0,30.0,30.0
30.0,-5.0,10.0,-5.0,30.0,19.0,30.0,-3.0,7.0
30.0,-5.0,30.0,-5.0,30.0,30.0,30.0,30.0,30.0
30.0,-5.0,12.0,-5.0,30.0,1.0,30.0,30.0,30.0
30.0,-5.0,30.0,-5.0,30.0,-3.0,30.0,30.0,5.0
30.0,-5.0,30.0,-5.0,30.0,-4.0,30.0,30.0,30.0
17.0,-5.0,30.0,-5.0,30.0,-2.0,30.0,30.0,-2.0
30.0,-5.0,30.0,-5.0,-4.0,30.0,30.0,30.0,30.0
30.0,-5.0,19.0,-5.0,30.0,13.0,30.0,30.0,30.0
30.0,-5.0,1.0,-5.0,30.0,30.0,30.0,9.0,16.0
30.0,-5.0,30.0,-5.0,30.0,30.0,30.0,-2.0,30.0
30.0,-5.0,30.0,-5.0,30.0,-4.0,30.0,30.0,-3.0
30.0,-5.0,30.0,-5.0,30.0,30.0,1.0,22.0,30.0
30.0,-5.0,30.0,-5.0,30.0,30.0,4.0,30.0,16.0
30.0,-5.0,30.0,-5.0,30.0,30.0,30.0,19.0,30.0
30.0,-5.0,30.0,-5.0,30.0,2.0,30.0,7.0,30.0
30.0,-5.0,30.0,-5.0,30.0,-2.0,30.0,19.0,30.0
30.0,-5.0,16.0,-5.0,30.0,30.0,18.0,30.0,30.0
30.0,-5.0,30.0,-5.0,30.0,30.0,30.0,30.0,30.0
30.0,-5.0,30.0,-5.0,30.0,30.0,13.0,30.0,30.0
30.0,-5.0,30.0,-5.0,30.0,30.0,-3.0,30.0,30.0
30.0,-5.0,30.0,-5.0,30.0,30.0,30.0,30.0,1.0
30.0,-5.0,30.0,-5.0,12.0,1.0,30.0,6.0,30.0
30.0,-5.0,30.0,-5.0,30.0,30.0,16.0,7.0,30.0
30.0,-5.0,30.0,-5.0,30.0,30.0,30.0,30.0,30.0
30.0,-5.0,6.0,-5.0,30.0,30.0,30.0,22.0,30.0
30.0,-5.0,30.0,-5.0,30.0,30.0,7.0,30.0,-3.0
30.0,-5.0,30.0,-5.0,30.0,30.0,30.0,30.0,30.0
30.0,-5.0,30.0,-5.0,30.0,30.0,30.0,30.0,30.0
30.0,-5.0,30.0,-5.0,-3.0,30.0,30.0,4.0,30.0
30.0,-5.0,30.0,-5.0,30.0,30.0,4.0,30.0,30.0
30.0,-5.0,30.0,-5.0,30.0,30.0,-2.0,-2.0,4.0
30.0,-5.0,30.0,-5.0,30.0,30.0,13.0,0.0,30.0
30.0,-5.0,13.0,-5.0,30.0,1.0,-4.0,30.0,30.0
30.0,-5.0,30.0,-5.0,30.0,30.0,30.0,12.0,30.0
30.0,-5.0,30.0,-5.0,30.0,30.0,30.0,-2.0,30.0
30.0,-5.0,30.0,-5.0,30.0,13.0,30.0,22.0,30.0
30.0,-5.0,30.0,-5.0,30.0,-2.0,17.0,30.0,30.0
30.0,-5.0,30.0,-5.0,13.0,30.0,30.0,13.0,30.0
30.0,-5.0,30.0,-5.0,30.0,30.0,30.0,10.0,30.0
30.0,-5.0,30.0,-5.0,30.0,30.0,30.0,30.0,30.0
30.0,-5.0,30.0,-5.0,6.0,7.0,30.0,30.0,-1.0
30.0,-5.0,30.0,-5.0,30.0,30.0,30.0,30.0,30.0
30.0,-5.0,30.0,-5.0,30.0,3.0,30.0,30.0,30.0
30.0,-5.0,30.0,-5.0,30.0,30.0,30.0,30.0,30.0
30.0,-5.0,30.0,-5.0,30.0,30.0,30.0,16.0,22.0
30.0,-5.0,22.0,-5.0,30.0,30.0,30.0,19.0,30.0
30.0,-5.0,30.0,-5.0,30.0,30.0,30.0,30.0,30.0
30.0,-5.0,7.0,-5.0,30.0,30.0,30.0,7.0,30.0
30.0,-5.0,30.0,-5.0,30.0,19.0,30.0,-2.0,30.0
30.0,-5.0,0.0,-5.0,30.0,30.0,30.0,30.0,30.0
30.0,-5.0,4.0,-5.0,30.0,30.0,7.0,1.0,30.0
30.0,-5.0,30.0,-5.0,30.0,1.0,30.0,3.0,30.0
30.0,-5.0,30.0,-5.0,30.0,30.0,30.0,30.0,30.0
30.0,-5.0,30.0,-5.0,30.0,30.0,30.0,30.0,30.0
30.0,-5.0,4.0,-5.0,30.0,30.0,16.0,-2.0,30.0
30.0,-5.0,30.0,-5.0,30.0,30.0,-3.0,30.0,19.0
30.0,-5.0,30.0,-5.0,30.0,30.0,30.0,30.0,30.0
30.0,-5.0,19.0,-5.0,5.0,22.0,-2.0,30.0,22.0
30.0,-5.0,30.0,-5.0,30.0,30.0,30.0,17.0,30.0
30.0,-5.0,0.0,-5.0,30.0,30.0,30.0,30.0,1.0
30.0,-5.0,19.0,-5.0,9.0,30.0,12.0,7.0,30.0
30.0,-5.0,30.0,-5.0,30.0,13.0,13.0,-1.0,30.0
30.0,-5.0,30.0,-5.0,30.0,7.0,13.0,30.0,30.0
30.0,-5.0,30.0,-5.0,30.0,7.0,30.0,30.0,30.0
30.0,-5.0,30.0,-5.0,30.0,16.0,30.0,30.0,30.0
30.0,-5.0,19.0,-5.0,30.0,30.0,-2.0,-4.0,30.0
30.0,-5.0,30.0,-5.0,30.0,30.0,11.0,24.0,30.0
30.0,-5.0,30.0,-5.0,30.0,30.0,2.0,30.0,30.0
30.0,-5.0,30.0,-5.0,-3.0,16.0,30.0,30.0,30.0
30.0,-5.0,30.0,-5.0,30.0,1.0,18.0,30.0,30.0
30.0,-5.0,30.0,-5.0,30.0,-2.0,10.0,30.0,30.0
30.0,-5.0,30.0,-5.0,-2.0,-2.0,11.0,16.0,30.0
30.0,-5.0,30.0,-5.0,30.0,30.0,-2.0,30.0,30.0
30.0,-5.0,30.0,-5.0,30.0,-4.0,30.0,22.0,30.0
30.0,-5.0,-4.0,-5.0,30.0,30.0,7.0,-2.0,30.0
30.0,-5.0,30.0,-5.0,30.0,30.0,30.0,12.0,-1.0
30.0,-5.0,30.0,-5.0,30.0,-3.0,30.0,1.0,9.0
30.0,-5.0,30.0,-5.0,30.0,10.0,30.0,22.0,30.0
30.0,-5.0,-1.0,-5.0,30.0,30.0,1.0,22.0,10.0
30.0,-5.0,30.0,-5.0,30.0,30.0,30.0,-2.0,30.0
30.0,-5.0,-3.0,-5.0,30.0,30.0,30.0,30.0,17.0
30.0,-5.0,30.0,-5.0,-1.0,30.0,30.0,30.0,30.0
30.0,-5.0,30.0,-5.0,30.0,30.0,30.0,30.0,19.0
30.0,-5.0,16.0,-5.0,30.0,30.0,30.0,22.0,30.0
30.0,-5.0,2.0,-5.0,30.0,30.0,30.0,30.0,30.0
30.0,-5.0,4.0,-5.0,30.0,30.0,30.0,3.0,10.0
30.0,-5.0,30.0,-5.0,30.0,30.0,30.0,-3.0,4.0
30.0,-5.0,30.0,-5.0,4.0,30.0,-2.0,-3.0,30.0
30.0,-5.0,30.0,-5.0,30.0,30.0,30.0,30.0,30.0
30.0,-5.0,-3.0,-5.0,12.0,30.0,30.0,30.0,30.0
30.0,-5.0,5.0,-5.0,30.0,30.0,30.0,4.0,30.0
30.0,-5.0,30.0,-5.0,30.0,16.0,30.0,30.0,30.0
30.0,-5.0,30.0,-5.0,20.0,22.0,30.0,30.0,30.0
30.0,-5.0,-4.0,-5.0,30.0,7.0,30.0,-2.0,30.0
30.0,-5.0,15.0,-5.0,30.0,30.0,30.0,30.0,30.0
30.0,-5.0,-1.0,-5.0,30.0,13.0,30.0,7.0,30.0
30.0,-5.0,30.0,-5.0,-2.0,1.0,4.0,30.0,30.0
30.0,-5.0,30.0,-5.0,30.0,30.0,10.0,30.0,-1.0
30.0,-5.0,16.0,-5.0,30.0,30.0,30.0,30.0,30.0
30.0,-5.0,30.0,-5.0,30.0,-4.0,30.0,30.0,30.0
30.0,-5.0,30.0,-5.0,30.0,30.0,30.0,30.0,30.0
30.0,-5.0,30.0,-5.0,30.0,-1.0,30.0,30.0,30.0
12.0,-5.0,13.0,-5.0,30.0,30.0,-4.0,22.0,30.0
30.0,-5.0,30.0,-5.0,8.0,10.0,30.0,30.0,30.0
30.0,-5.0,30.0,-5.0,30.0,30.0,4.0,30.0,30.0
30.0,-5.0,30.0,-5.0,30.0,30.0,7.0,8.0,8.0
30.0,-5.0,11.0,-5.0,30.0,30.0,30.0,30.0,30.0
30.0,-5.0,30.0,-5.0,30.0,30.0,-4.0,30.0,30.0
30.0,-5.0,30.0,-5.0,30.0,19.0,10.0,30.0,30.0
30.0,-5.0,30.0,-5.0,30.0,30.0,30.0,30.0,30.0
30.0,-5.0,30.0,-5.0,30.0,30.0,30.0,30.0,30.0
30.0,-5.0,30.0,-5.0,30.0,-3.0,30.0,30.0,7.0
30.0,-5.0,13.0,-5.0,30.0,30.0,30.0,-4.0,30.0
30.0,-5.0,16.0,-5.0,30.0,7.0,11.0,4.0,30.0
30.0,-5.0,30.0,-5.0,30.0,30.0,4.0,30.0,30.0
30.0,-5.0,30.0,-5.0,30.0,30.0,30.0,30.0,30.0
30.0,-5.0,-2.0,-5.0,30.0,15.0,30.0,30.0,13.0
30.0,-5.0,30.0,-5.0,30.0,30.0,7.0,30.0,30.0
30.0,-5.0,30.0,-5.0,30.0,-2.0,30.0,30.0,5.0
30.0,-5.0,30.0,-5.0,30.0,30.0,30.0,10.0,30.0
30.0,-5.0,30.0,-5.0,30.0,30.0,1.0,1.0,30.0
30.0,-5.0,6.0,-5.0,30.0,16.0,30.0,30.0,30.0
30.0,-5.0,30.0,-5.0,30.0,16.0,30.0,30.0,30.0
30.0,-5.0,0.0,-5.0,30.0,4.0,30.0,30.0,8.0
30.0,-5.0,30.0,-5.0,30.0,30.0,30.0,-2.0,30.0
30.0,-5.0,30.0,-5.0,30.0,30.0,30.0,7.0,30.0
30.0,-5.0,30.0,-5.0,30.0,1.0,30.0,30.0,30.0
30.0,-5.0,30.0,-5.0,30.0,30.0,30.0,30.0,17.0
30.0,-5.0,-4.0,-5.0,5.0,-3.0,30.0,30.0,30.0
30.0,-5.0,18.0,-5.0,30.0,-2.0,13.0,7.0,30.0
30.0,-5.0,4.0,-5.0,30.0,30.0,22.0,-2.0,30.0
30.0,-5.0,30.0,-5.0,-4.0,10.0,30.0,6.0,30.0
30.0,-5.0,30.0,-5.0,30.0,12.0,10.0,30.0,0.0
30.0,-5.0,4.0,-5.0,30.0,30.0,30.0,30.0,30.0
30.0,-5.0,30.0,-5.0,30.0,30.0,30.0,19.0,-3.0
30.0,-5.0,22.0,-5.0,30.0,30.0,30.0,30.0,-2.0
30.0,-5.0,30.0,-5.0,30.0,30.0,18.0,30.0,19.0
30.0,-5.0,30.0,-5.0,30.0,16.0,2.0,30.0,22.0
30.0,-5.0,30.0,-5.0,30.0,30.0,30.0,30.0,30.0
30.0,-5.0,30.0,-5.0,20.0,22.0,30.0,-2.0,30.0
30.0,-5.0,3.0,-5.0,11.0,30.0,14.0,30.0,30.0
30.0,-5.0,30.0,-5.0,30.0,13.0,30.0,3.0,30.0
30.0,-5.0,30.0,-5.0,30.0,30.0,30.0,10.0,30.0
30.0,-5.0,30.0,-5.0,30.0,30.0,10.0,30.0,-2.0
30.0,-5.0,30.0,-5.0,30.0,30.0,30.0,30.0,30.0
30.0,-5.0,21.0,-5.0,30.0,30.0,6.0,30.0,30.0
30.0,-5.0,30.0,-5.0,30.0,30.0,30.0,30.0,30.0
30.0,-5.0,30.0,-5.0,30.0,30.0,30.0,22.0,30.0
30.0,-5.0,30.0,-5.0,30.0,7.0,-4.0,1.0,30.0
30.0,-5.0,8.0,-5.0,30.0,-4.0,13.0,30.0,4.0
30.0,-5.0,30.0,-5.0,30.0,30.0,30.0,30.0,30.0
30.0,-5.0,10.0,-5.0,30.0,30.0,30.0,16.0,-3.0
30.0,-5.0,30.0,-5.0,30.0,30.0,1.0,30.0,-3.0
30.0,-5.0,10.0,-5.0,30.0,-2.0,30.0,30.0,30.0
30.0,-5.0,7.0,-5.0,30.0,30.0,30.0,-2.0,30.0
30.0,-5.0,8.0,-5.0,30.0,30.0,30.0,30.0,30.0
30.0,-5.0,30.0,-5.0,30.0,30.0,30.0,30.0,30.0
30.0,-5.0,30.0,-5.0,30.0,30.0,30.0,30.0,30.0
30.0,-5.0,30.0,-5.0,30.0,20.0,30.0,3.0,-2.0
30.0,-5.0,7.0,-5.0,30.0,30.0,30.0,30.0,30.0
30.0,-5.0,30.0,-5.0,2.0,30.0,3.0,30.0,5.0
30.0,-5.0,30.0,-5.0,14.0,30.0,30.0,30.0,30.0
30.0,-5.0,30.0,-5.0,30.0,-2.0,16.0,30.0,30.0
30.0,-5.0,30.0,-5.0,30.0,30.0,30.0,30.0,13.0
30.0,-5.0,4.0,-5.0,30.0,30.0,30.0,30.0,30.0
30.0,-5.0,30.0,-5.0,30.0,30.0,30.0,30.0,30.0
30.0,-5.0,30.0,-5.0,30.0,30.0,30.0,16.0,30.0
30.0,-5.0,30.0,-5.0,30.0,30.0,30.0,30.0,16.0
30.0,-5.0,30.0,-5.0,30.0,30.0,30.0,30.0,21.0
30.0,-5.0,30.0,-5.0,30.0,30.0,30.0,30.0,30.0
30.0,-5.0,30.0,-5.0,30.0,30.0,30.0,30.0,30.0
30.0,-5.0,30.0,-5.0,30.0,30.0,30.0,30.0,30.0
30.0,-5.0,-2.0,-5.0,30.0,30.0,19.0,30.0,24.0
30.0,-5.0,30.0,-5.0,30.0,30.0,30.0,9.0,-3.0
30.0,-5.0,30.0,-5.0,30.0,30.0,7.0,30.0,-4.0
30.0,-5.0,17.0,-5.0,30.0,13.0,30.0,1.0,16.0
30.0,-5.0,30.0,-5.0,30.0,10.0,22.0,19.0,30.0
30.0,-5.0,12.0,-5.0,4.0,16.0,30.0,30.0,-2.0
30.0,-5.0,4.0,-5.0,30.0,3.0,30.0,30.0,30.0
30.0,-5.0,30.0,-5.0,30.0,30.0,9.0,4.0,30.0
30.0,-5.0,4.0,-5.0,30.0,-2.0,30.0,30.0,30.0
30.0,-5.0,30.0,-5.0,30.0,30.0,30.0,30.0,30.0
30.0,-5.0,30.0,-5.0,30.0,30.0,30.0,30.0,30.0
30.0,-5.0,15.0,-5.0,30.0,30.0,30.0,30.0,30.0
30.0,-5.0,30.0,-5.0,30.0,18.0,30.0,30.0,30.0
30.0,-5.0,30.0,-5.0,30.0,30.0,30.0,30.0,30.0
30.0,-5.0,22.0,-5.0,30.0,6.0,30.0,30.0,30.0
30.0,-5.0,30.0,-5.0,30.0,30.0,16.0,30.0,30.0
30.0,-5.0,18.0,-5.0,30.0,7.0,30.0,30.0,30.0
30.0,-5.0,30.0,-5.0,12.0,30.0,30.0,30.0,30.0
30.0,-5.0,30.0,-5.0,30.0,-3.0,30.0,30.0,30.0
30.0,-5.0,30.0,-5.0,30.0,30.0,30.0,-4.0,-1.0
30.0,-5.0,17.0,-5.0,30.0,30.0,10.0,4.0,12.0
30.0,-5.0,30.0,-5.0,30.0,30.0,30.0,30.0,30.0
30.0,-5.0,30.0,-5.0,30.0,30.0,30.0,7.0,19.0
30.0,-5.0,30.0,-5.0,30.0,-3.0,30.0,30.0,30.0
30.0,-5.0,30.0,-5.0,30.0,30.0,7.0,22.0,30.0
30.0,-5.0,30.0,-5.0,30.0,30.0,30.0,10.0,16.0
30.0,-5.0,15.0,-5.0,30.0,7.0,5.0,30.0,-2.0
30.0,-5.0,30.0,-5.0,24.0,30.0,30.0,30.0,30.0
30.0,-5.0,30.0,-5.0,30.0,30.0,30.0,30.0,22.0
30.0,-5.0,30.0,-5.0,30.0,30.0,30.0,30.0,17.0
30.0,-5.0,30.0,-5.0,30.0,30.0,30.0,30.0,30.0
30.0,-5.0,30.0,-5.0,-2.0,30.0,7.0,12.0,30.0
30.0,-5.0,30.0,-5.0,30.0,30.0,4.0,7.0,30.0
30.0,-5.0,30.0,-5.0,30.0,30.0,30.0,30.0,30.0
30.0,-5.0,30.0,-5.0,16.0,30.0,30.0,18.0,30.0
30.0,-5.0,8.0,-5.0,30.0,30.0,30.0,3.0,30.0
30.0,-5.0,30.0,-5.0,30.0,-2.0,30.0,30.0,30.0
30.0,-5.0,5.0,-5.0,30.0,-2.0,30.0,3.0,16.0
30.0,-5.0,30.0,-5.0,30.0,30.0,30.0,30.0,30.0
30.0,-5.0,30.0,-5.0,30.0,30.0,30.0,30.0,30.0
30.0,-5.0,8.0,-5.0,30.0,30.0,7.0,30.0,22.0
30.0,-5.0,0.0,-5.0,30.0,-1.0,30.0,30.0,9.0
30.0,-5.0,30.0,-5.0,30.0,16.0,30.0,30.0,22.0
30.0,-5.0,30.0,-5.0,30.0,4.0,19.0,24.0,30.0
18.0,-5.0,4.0,-5.0,30.0,-4.0,30.0,30.0,30.0
30.0,-5.0,30.0,-5.0,7.0,30.0,30.0,30.0,30.0
30.0,-5.0,4.0,-5.0,30.0,-3.0,30.0,16.0,-3.0
30.0,-5.0,17.0,-5.0,30.0,-2.0,30.0,30.0,1.0
30.0,-5.0,6.0,-5.0,30.0,30.0,16.0,30.0,19.0
30.0,-5.0,21.0,-5.0,30.0,7.0,30.0,30.0,13.0
30.0,-5.0,30.0,-5.0,30.0,30.0,30.0,30.0,30.0
30.0,-5.0,30.0,-5.0,30.0,30.0,30.0,30.0,5.0
30.0,-5.0,8.0,-5.0,30.0,30.0,16.0,30.0,9.0
30.0,-5.0,30.0,-5.0,-3.0,30.0,-4.0,30.0,30.0
30.0,-5.0,30.0,-5.0,30.0,13.0,30.0,30.0,30.0
30.0,-5.0,2.0,-5.0,30.0,10.0,13.0,30.0,30.0
30.0,-5.0,4.0,-5.0,30.0,30.0,30.0,30.0,30.0
30.0,-5.0,30.0,-5.0,30.0,30.0,20.0,30.0,18.0
30.0,-5.0,30.0,-5.0,30.0,30.0,19.0,-2.0,30.0
30.0,-5.0,30.0,-5.0,30.0,30.0,30.0,1.0,19.0
30.0,-5.0,30.0,-5.0,30.0,-4.0,30.0,4.0,5.0
30.0,-5.0,30.0,-5.0,30.0,13.0,30.0,30.0,30.0
30.0,-5.0,30.0,-5.0,30.0,30.0,8.0,30.0,-2.0
30.0,-5.0,30.0,-5.0,30.0,30.0,30.0,30.0,13.0
30.0,-5.0,30.0,-5.0,30.0,30.0,30.0,30.0,13.0
30.0,-5.0,30.0,-5.0,30.0,17.0,30.0,20.0,30.0
30.0,-5.0,30.0,-5.0,30.0,30.0,30.0,4.0,30.0
30.0,-5.0,30.0,-5.0,17.0,13.0,30.0,22.0,30.0
30.0,-5.0,30.0,-5.0,30.0,30.0,30.0,30.0,4.0
30.0,-5.0,9.0,-5.0,30.0,13.0,30.0,30.0,30.0
30.0,-5.0,30.0,-5.0,30.0,7.0,30.0,30.0,30.0
30.0,-5.0,30.0,-5.0,30.0,30.0,1.0,30.0,2.0
30.0,-5.0,-3.0,-5.0,18.0,30.0,30.0,10.0,20.0
30.0,-5.0,22.0,-5.0,30.0,30.0,30.0,19.0,30.0
30.0,-5.0,30.0,-5.0,30.0,30.0,30.0,30.0,30.0
30.0,-5.0,15.0,-5.0,30.0,30.0,30.0,-1.0,30.0
30.0,-5.0,30.0,-5.0,30.0,1.0,10.0,3.0,30.0
30.0,-5.0,30.0,-5.0,17.0,30.0,9.0,4.0,30.0
30.0,-5.0,30.0,-5.0,30.0,30.0,30.0,30.0,30.0
30.0,-5.0,30.0,-5.0,30.0,30.0,8.0,30.0,30.0
30.0,-5.0,19.0,-5.0,30.0,30.0,13.0,30.0,30.0
30.0,-5.0,30.0,-5.0,30.0,6.0,30.0,30.0,30.0
30.0,-5.0,11.0,-5.0,30.0,30.0,30.0,7.0,30.0
30.0,-5.0,24.0,-5.0,30.0,13.0,-1.0,30.0,17.0
30.0,-5.0,3.0,-5.0,30.0,30.0,21.0,22.0,30.0
30.0,-5.0,30.0,-5.0,11.0,30.0,30.0,30.0,30.0
30.0,-5.0,30.0,-5.0,30.0,16.0,30.0,30.0,30.0
30.0,-5.0,30.0,-5.0,30.0,30.0,30.0,16.0,20.0
30.0,-5.0,30.0,-5.0,30.0,-4.0,30.0,30.0,30.0
30.0,-5.0,30.0,-5.0,30.0,30.0,30.0,13.0,20.0
30.0,-5.0,7.0,-5.0,30.0,22.0,30.0,10.0,4.0
30.0,-5.0,30.0,-5.0,30.0,30.0,-4.0,6.0,30.0
30.0,-5.0,21.0,-5.0,30.0,30.0,30.0,-2.0,30.0
30.0,-5.0,30.0,-5.0,30.0,30.0,30.0,30.0,-1.0
30.0,-5.0,30.0,-5.0,30.0,30.0,30.0,30.0,10.0
30.0,-5.0,19.0,-5.0,30.0,30.0,7.0,7.0,12.0
30.0,-5.0,30.0,-5.0,30.0,16.0,13.0,30.0,30.0
30.0,-5.0,13.0,-5.0,14.0,10.0,7.0,30.0,13.0
30.0,-5.0,5.0,-5.0,30.0,30.0,30.0,1.0,30.0
30.0,-5.0,7.0,-5.0,30.0,30.0,30.0,30.0,-2.0
30.0,-5.0,30.0,-5.0,30.0,-2.0,-2.0,-4.0,-4.0
30.0,-5.0,30.0,-5.0,30.0,9.0,-4.0,30.0,30.0
30.0,-5.0,30.0,-5.0,0.0,30.0,-2.0,-3.0,30.0
30.0,-5.0,30.0,-5.0,30.0,30.0,30.0,30.0,30.0
30.0,-5.0,30.0,-5.0,15.0,30.0,30.0,30.0,7.0
30.0,-5.0,30.0,-5.0,30.0,30.0,13.0,-2.0,30.0
30.0,-5.0,30.0,-5.0,30.0,30.0,30.0,30.0,30.0
30.0,-5.0,30.0,-5.0,30.0,30.0,30.0,30.0,20.0
30.0,-5.0,30.0,-5.0,-4.0,30.0,8.0,30.0,30.0
30.0,-5.0,30.0,-5.0,30.0,30.0,30.0,30.0,30.0
30.0,-5.0,30.0,-5.0,30.0,-1.0,10.0,-2.0,7.0
30.0,-5.0,30.0,-5.0,30.0,22.0,30.0,30.0,22.0
30.0,-5.0,30.0,-5.0,30.0,13.0,30.0,30.0,7.0
30.0,-5.0,4.0,-5.0,30.0,30.0,10.0,30.0,30.0
30.0,-5.0,30.0,-5.0,30.0,18.0,30.0,19.0,30.0
30.0,-5.0,30.0,-5.0,30.0,30.0,4.0,30.0,20.0
30.0,-5.0,15.0,-5.0,19.0,-4.0,30.0,4.0,30.0
30.0,-5.0,30.0,-5.0,30.0,30.0,30.0,30.0,16.0
30.0,-5.0,30.0,-5.0,22.0,23.0,30.0,30.0,13.0
30.0,-5.0,22.0,-5.0,30.0,30.0,30.0,19.0,30.0
30.0,-5.0,20.0,-5.0,30.0,22.0,0.0,30.0,30.0
30.0,-5.0,30.0,-5.0,30.0,-1.0,30.0,21.0,30.0
30.0,-5.0,13.0,-5.0,30.0,30.0,14.0,21.0,30.0
30.0,-5.0,30.0,-5.0,30.0,1.0,30.0,10.0,30.0
30.0,-5.0,30.0,-5.0,15.0,30.0,30.0,30.0,10.0
30.0,-5.0,30.0,-5.0,30.0,30.0,30.0,30.0,30.0
30.0,-5.0,30.0,-5.0,30.0,30.0,30.0,30.0,30.0
30.0,-5.0,30.0,-5.0,30.0,10.0,30.0,-3.0,30.0
30.0,-5.0,30.0,-5.0,30.0,9.0,30.0,7.0,4.0
30.0,-5.0,30.0,-5.0,30.0,7.0,30.0,30.0,30.0
30.0,-5.0,30.0,-5.0,30.0,1.0,22.0,11.0,30.0
30.0,-5.0,30.0,-5.0,8.0,30.0,30.0,-4.0,21.0
30.0,-5.0,-2.0,-5.0,30.0,10.0,30.0,22.0,30.0
30.0,-5.0,30.0,-5.0,30.0,30.0,30.0,12.0,-3.0
30.0,-5.0,1.0,-5.0,30.0,30.0,30.0,30.0,30.0
30.0,-5.0,30.0,-5.0,30.0,30.0,30.0,16.0,30.0
30.0,-5.0,-1.0,-5.0,30.0,24.0,30.0,30.0,30.0
30.0,-5.0,30.0,-5.0,30.0,16.0,30.0,9.0,12.0
30.0,-5.0,30.0,-5.0,30.0,7.0,30.0,3.0,30.0
30.0,-5.0,10.0,-5.0,30.0,7.0,30.0,30.0,30.0
30.0,-5.0,30.0,-5.0,30.0,10.0,14.0,30.0,30.0
30.0,-5.0,21.0,-5.0,30.0,30.0,19.0,30.0,-3.0
30.0,-5.0,30.0,-5.0,30.0,30.0,30.0,30.0,4.0
30.0,-5.0,30.0,-5.0,30.0,7.0,30.0,30.0,15.0
30.0,-5.0,30.0,-5.0,30.0,13.0,30.0,30.0,30.0
30.0,-5.0,30.0,-5.0,30.0,30.0,19.0,30.0,30.0
30.0,-5.0,30.0,-5.0,-1.0,30.0,30.0,30.0,0.0
30.0,-5.0,30.0,-5.0,30.0,30.0,30.0,30.0,7.0
30.0,-5.0,-4.0,-5.0,30.0,30.0,30.0,30.0,30.0
30.0,-5.0,14.0,-5.0,30.0,7.0,30.0,30.0,30.0
30.0,-5.0,30.0,-5.0,30.0,30.0,30.0,30.0,16.0
30.0,-5.0,30.0,-5.0,30.0,7.0,30.0,19.0,30.0
30.0,-5.0,20.0,-5.0,30.0,30.0,30.0,30.0,30.0
30.0,-5.0,4.0,-5.0,30.0,30.0,10.0,30.0,22.0
30.0,-5.0,30.0,-5.0,30.0,30.0,30.0,-4.0,30.0
30.0,-5.0,30.0,-5.0,30.0,30.0,14.0,11.0,30.0
30.0,-5.0,-3.0,-5.0,30.0,30.0,30.0,30.0,7.0
30.0,-5.0,6.0,-5.0,30.0,4.0,-2.0,16.0,30.0
30.0,-5.0,11.0,-5.0,30.0,30.0,30.0,30.0,1.0
30.0,-5.0,30.0,-5.0,30.0,30.0,30.0,10.0,-4.0
30.0,-5.0,30.0,-5.0,30.0,30.0,13.0,30.0,30.0
30.0,-5.0,30.0,-5.0,30.0,22.0,30.0,2.0,30.0
30.0,-5.0,30.0,-5.0,6.0,-3.0,30.0,30.0,-4.0
30.0,-5.0,24.0,-5.0,30.0,0.0,20.0,30.0,7.0
30.0,-5.0,30.0,-5.0,30.0,30.0,30.0,-4.0,1.0
30.0,-5.0,30.0,-5.0,30.0,30.0,30.0,22.0,30.0
30.0,-5.0,30.0,-5.0,30.0,30.0,13.0,30.0,30.0
30.0,-5.0,30.0,-5.0,30.0,7.0,30.0,30.0,30.0
30.0,-5.0,30.0,-5.0,30.0,30.0,30.0,30.0,16.0
30.0,-5.0,30.0,-5.0,30.0,30.0,30.0,30.0,-2.0
30.0,-5.0,30.0,-5.0,30.0,13.0,30.0,-4.0,30.0
23.0,-5.0,4.0,-5.0,30.0,30.0,30.0,30.0,14.0
30.0,-5.0,-4.0,-5.0,11.0,-3.0,10.0,13.0,-2.0
30.0,-5.0,7.0,-5.0,30.0,13.0,30.0,30.0,30.0
30.0,-5.0,30.0,-5.0,-1.0,30.0,30.0,30.0,24.0
30.0,-5.0,19.0,-5.0,30.0,30.0,30.0,30.0,30.0
30.0,-5.0,30.0,-5.0,30.0,19.0,1.0,30.0,30.0
30.0,-5.0,7.0,-5.0,30.0,14.0,-2.0,4.0,30.0
30.0,-5.0,5.0,-5.0,30.0,30.0,30.0,30.0,30.0
30.0,-5.0,30.0,-5.0,30.0,30.0,30.0,22.0,1.0
30.0,-5.0,30.0,-5.0,30.0,4.0,30.0,30.0,-3.0
30.0,-5.0,30.0,-5.0,30.0,3.0,30.0,30.0,1.0
30.0,-5.0,-3.0,-5.0,30.0,30.0,10.0,30.0,30.0
30.0,-5.0,30.0,-5.0,30.0,-4.0,30.0,30.0,30.0
30.0,-5.0,30.0,-5.0,30.0,30.0,30.0,-2.0,30.0
30.0,-5.0,30.0,-5.0,30.0,0.0,30.0,-3.0,30.0
30.0,-5.0,4.0,-5.0,30.0,30.0,30.0,30.0,30.0
30.0,-5.0,30.0,-5.0,30.0,30.0,30.0,1.0,30.0
30.0,-5.0,30.0,-5.0,30.0,30.0,30.0,10.0,7.0
30.0,-5.0,30.0,-5.0,30.0,30.0,-4.0,30.0,30.0
30.0,-5.0,30.0,-5.0,30.0,-3.0,30.0,30.0,30.0
30.0,-5.0,30.0,-5.0,30.0,10.0,30.0,30.0,30.0
30.0,-5.0,30.0,-5.0,30.0,30.0,30.0,30.0,30.0
30.0,-5.0,6.0,-5.0,30.0,30.0,13.0,30.0,16.0
30.0,-5.0,30.0,-5.0,30.0,-3.0,1.0,30.0,30.0
30.0,-5.0,30.0,-5.0,30.0,19.0,30.0,30.0,30.0
30.0,-5.0,30.0,-5.0,30.0,-1.0,30.0,14.0,30.0
30.0,-5.0,30.0,-5.0,30.0,16.0,30.0,30.0,30.0
30.0,-5.0,30.0,-5.0,16.0,30.0,7.0,30.0,1.0
30.0,-5.0,30.0,-5.0,-1.0,30.0,30.0,30.0,1.0
30.0,-5.0,30.0,-5.0,9.0,-2.0,-4.0,30.0,-4.0
30.0,-5.0,-2.0,-5.0,30.0,16.0,0.0,30.0,10.0
30.0,-5.0,-3.0,-5.0,30.0,30.0,30.0,19.0,30.0
30.0,-5.0,30.0,-5.0,30.0,30.0,-3.0,30.0,30.0
30.0,-5.0,30.0,-5.0,30.0,30.0,30.0,30.0,30.0
30.0,-5.0,30.0,-5.0,30.0,30.0,7.0,30.0,30.0
30.0,-5.0,30.0,-5.0,30.0,30.0,30.0,-4.0,22.0
30.0,-5.0,30.0,-5.0,17.0,30.0,30.0,30.0,30.0
30.0,-5.0,2.0,-5.0,30.0,30.0,30.0,13.0,30.0
30.0,-5.0,30.0,-5.0,30.0,24.0,30.0,30.0,30.0
30.0,-5.0,30.0,-5.0,30.0,13.0,30.0,30.0,4.0
30.0,-5.0,30.0,-5.0,4.0,16.0,30.0,13.0,30.0
30.0,-5.0,30.0,-5.0,30.0,30.0,30.0,30.0,30.0
30.0,-5.0,2.0,-5.0,30.0,30.0,30.0,30.0,30.0
30.0,-5.0,30.0,-5.0,30.0,30.0,30.0,22.0,30.0
30.0,-5.0,13.0,-5.0,21.0,30.0,30.0,30.0,30.0
30.0,-5.0,30.0,-5.0,30.0,30.0,30.0,30.0,30.0
30.0,-5.0,18.0,-5.0,30.0,30.0,30.0,16.0,30.0
18.0,-5.0,14.0,-5.0,30.0,30.0,30.0,30.0,6.0
30.0,-5.0,-3.0,-5.0,0.0,10.0,30.0,30.0,16.0
30.0,-5.0,30.0,-5.0,16.0,-3.0,7.0,30.0,30.0
30.0,-5.0,30.0,-5.0,30.0,30.0,30.0,10.0,30.0
30.0,-5.0,30.0,-5.0,30.0,13.0,30.0,30.0,30.0
30.0,-5.0,30.0,-5.0,30.0,-4.0,30.0,7.0,4.0
30.0,-5.0,6.0,-5.0,30.0,30.0,30.0,30.0,24.0
30.0,-5.0,16.0,-5.0,30.0,30.0,30.0,7.0,19.0
30.0,-5.0,-4.0,-5.0,30.0,30.0,30.0,13.0,30.0
30.0,-5.0,0.0,-5.0,30.0,30.0,13.0,2.0,30.0
30.0,-5.0,30.0,-5.0,30.0,30.0,30.0,4.0,7.0
30.0,-5.0,18.0,-5.0,-1.0,30.0,19.0,-2.0,30.0
30.0,-5.0,2.0,-5.0,30.0,30.0,-4.0,13.0,30.0
30.0,-5.0,30.0,-5.0,19.0,-4.0,7.0,30.0,30.0
30.0,-5.0,-3.0,-5.0,3.0,-2.0,30.0,30.0,9.0
30.0,-5.0,-2.0,-5.0,30.0,30.0,30.0,1.0,30.0
30.0,-5.0,30.0,-5.0,30.0,30.0,4.0,-4.0,30.0
30.0,-5.0,16.0,-5.0,30.0,-4.0,30.0,30.0,30.0
30.0,-5.0,4.0,-5.0,30.0,30.0,16.0,30.0,30.0
30.0,-5.0,30.0,-5.0,30.0,30.0,21.0,30.0,30.0
30.0,-5.0,8.0,-5.0,30.0,30.0,4.0,0.0,21.0
30.0,-5.0,30.0,-5.0,30.0,30.0,30.0,-3.0,30.0
30.0,-5.0,30.0,-5.0,30.0,30.0,30.0,30.0,30.0
30.0,-5.0,30.0,-5.0,30.0,30.0,30.0,30.0,-3.0
30.0,-5.0,30.0,-5.0,5.0,30.0,30.0,30.0,4.0
30.0,-5.0,7.0,-5.0,30.0,18.0,30.0,30.0,30.0
30.0,-5.0,30.0,-5.0,30.0,30.0,30.0,4.0,30.0
30.0,-5.0,17.0,-5.0,30.0,30.0,7.0,10.0,30.0
30.0,-5.0,30.0,-5.0,30.0,9.0,10.0,30.0,30.0
30.0,-5.0,30.0,-5.0,30.0,16.0,-1.0,30.0,30.0
30.0,-5.0,30.0,-5.0,30.0,7.0,30.0,10.0,30.0
30.0,-5.0,4.0,-5.0,30.0,30.0,30.0,30.0,30.0
30.0,-5.0,4.0,-5.0,30.0,30.0,30.0,30.0,30.0
30.0,-5.0,30.0,-5.0,30.0,30.0,30.0,2.0,30.0
30.0,-5.0,30.0,-5.0,30.0,30.0,30.0,30.0,11.0
30.0,-5.0,12.0,-5.0,30.0,30.0,6.0,30.0,30.0
30.0,-5.0,30.0,-5.0,30.0,30.0,4.0,-2.0,30.0
30.0,-5.0,30.0,-5.0,30.0,17.0,30.0,30.0,9.0
30.0,-5.0,9.0,-5.0,30.0,30.0,13.0,30.0,19.0
30.0,-5.0,30.0,-5.0,30.0,30.0,30.0,3.0,7.0
30.0,-5.0,9.0,-5.0,30.0,30.0,-2.0,30.0,30.0
30.0,-5.0,30.0,-5.0,9.0,30.0,10.0,30.0,8.0
30.0,-5.0,30.0,-5.0,30.0,7.0,1.0,30.0,30.0
30.0,-5.0,30.0,-5.0,30.0,30.0,30.0,30.0,30.0
30.0,-5.0,30.0,-5.0,30.0,21.0,1.0,30.0,30.0
30.0,-5.0,-1.0,-5.0,30.0,30.0,30.0,30.0,30.0
30.0,-5.0,30.0,-5.0,30.0,30.0,-3.0,30.0,30.0
30.0,-5.0,30.0,-5.0,30.0,16.0,30.0,30.0,10.0
30.0,-5.0,30.0,-5.0,30.0,30.0,10.0,30.0,2.0
30.0,-5.0,-4.0,-5.0,30.0,30.0,30.0,30.0,30.0
30.0,-5.0,30.0,-5.0,15.0,30.0,30.0,16.0,30.0
30.0,-5.0,7.0,-5.0,24.0,30.0,9.0,30.0,19.0
30.0,-5.0,30.0,-5.0,30.0,30.0,30.0,30.0,30.0
30.0,-5.0,30.0,-5.0,30.0,4.0,30.0,30.0,-3.0
30.0,-5.0,30.0,-5.0,30.0,30.0,30.0,10.0,30.0
30.0,-5.0,30.0,-5.0,30.0,22.0,6.0,-3.0,30.0
30.0,-5.0,30.0,-5.0,30.0,30.0,13.0,30.0,30.0
30.0,-5.0,30.0,-5.0,30.0,16.0,-4.0,30.0,30.0
30.0,-5.0,30.0,-5.0,30.0,30.0,30.0,30.0,30.0
30.0,-5.0,30.0,-5.0,30.0,30.0,18.0,30.0,30.0
30.0,-5.0,30.0,-5.0,30.0,30.0,7.0,30.0,1.0
30.0,-5.0,15.0,-5.0,1.0,-3.0,30.0,9.0,30.0
30.0,-5.0,16.0,-5.0,30.0,30.0,16.0,1.0,30.0
30.0,-5.0,30.0,-5.0,30.0,30.0,-2.0,30.0,30.0
30.0,-5.0,30.0,-5.0,30.0,30.0,30.0,30.0,30.0
30.0,-5.0,30.0,-5.0,30.0,30.0,4.0,20.0,30.0
30.0,-5.0,10.0,-5.0,30.0,30.0,30.0,30.0,10.0
30.0,-5.0,30.0,-5.0,30.0,30.0,30.0,30.0,30.0
30.0,-5.0,7.0,-5.0,30.0,30.0,10.0,30.0,0.0
30.0,-5.0,24.0,-5.0,30.0,30.0,30.0,30.0,22.0
30.0,-5.0,17.0,-5.0,30.0,30.0,30.0,30.0,30.0
30.0,-5.0,30.0,-5.0,21.0,30.0,30.0,30.0,30.0
30.0,-5.0,2.0,-5.0,30.0,17.0,30.0,13.0,16.0
30.0,-5.0,30.0,-5.0,30.0,30.0,30.0,30.0,22.0
30.0,-5.0,20.0,-5.0,30.0,30.0,30.0,30.0,30.0
30.0,-5.0,30.0,-5.0,30.0,30.0,30.0,30.0,13.0
30.0,-5.0,-2.0,-5.0,19.0,30.0,30.0,13.0,24.0
30.0,-5.0,30.0,-5.0,30.0,30.0,-4.0,30.0,30.0
30.0,-5.0,30.0,-5.0,30.0,30.0,30.0,30.0,30.0
30.0,-5.0,30.0,-5.0,30.0,22.0,30.0,16.0,30.0
30.0,-5.0,13.0,-5.0,30.0,30.0,-3.0,30.0,30.0
30.0,-5.0,23.0,-5.0,30.0,30.0,30.0,10.0,30.0
30.0,-5.0,30.0,-5.0,30.0,30.0,30.0,30.0,30.0
30.0,-5.0,30.0,-5.0,30.0,30.0,7.0,-2.0,30.0
30.0,-5.0,30.0,-5.0,30.0,5.0,30.0,-3.0,30.0
30.0,-5.0,4.0,-5.0,30.0,-2.0,30.0,30.0,30.0
30.0,-5.0,3.0,-5.0,15.0,30.0,7.0,30.0,1.0
30.0,-5.0,30.0,-5.0,30.0,30.0,22.0,-3.0,1.0
30.0,-5.0,-3.0,-5.0,30.0,30.0,0.0,30.0,30.0
30.0,-5.0,12.0,-5.0,30.0,30.0,30.0,10.0,30.0
30.0,-5.0,30.0,-5.0,30.0,30.0,13.0,30.0,0.0
30.0,-5.0,22.0,-5.0,30.0,30.0,30.0,16.0,-1.0
30.0,-5.0,16.0,-5.0,30.0,30.0,30.0,30.0,6.0
30.0,-5.0,30.0,-5.0,30.0,2.0,30.0,30.0,30.0
30.0,-5.0,30.0,-5.0,16.0,30.0,30.0,30.0,19.0
30.0,-5.0,30.0,-5.0,30.0,10.0,30.0,1.0,30.0
30.0,-5.0,30.0,-5.0,4.0,16.0,10.0,-2.0,0.0
30.0,-5.0,-3.0,-5.0,30.0,30.0,4.0,30.0,7.0
30.0,-5.0,30.0,-5.0,30.0,30.0,-2.0,30.0,30.0
30.0,-5.0,30.0,-5.0,30.0,30.0,30.0,30.0,30.0
30.0,-5.0,30.0,-5.0,30.0,12.0,22.0,30.0,30.0
30.0,-5.0,13.0,-5.0,30.0,30.0,30.0,30.0,30.0
30.0,-5.0,30.0,-5.0,30.0,30.0,30.0,30.0,-2.0
30.0,-5.0,19.0,-5.0,30.0,-2.0,30.0,30.0,30.0
30.0,-5.0,4.0,-5.0,30.0,30.0,30.0,1.0,30.0
30.0,-5.0,30.0,-5.0,30.0,15.0,30.0,0.0,30.0
30.0,-5.0,30.0,-5.0,30.0,4.0,22.0,13.0,-4.0
30.0,-5.0,30.0,-5.0,30.0,11.0,16.0,30.0,11.0
30.0,-5.0,7.0,-5.0,9.0,30.0,30.0,30.0,1.0
30.0,-5.0,2.0,-5.0,14.0,30.0,30.0,30.0,30.0
30.0,-5.0,30.0,-5.0,30.0,30.0,30.0,13.0,30.0
12.0,-5.0,30.0,-5.0,30.0,30.0,4.0,30.0,30.0
30.0,-5.0,30.0,-5.0,30.0,30.0,30.0,30.0,30.0
30.0,-5.0,30.0,-5.0,30.0,30.0,4.0,30.0,30.0
30.0,-5.0,30.0,-5.0,30.0,30.0,30.0,-3.0,-2.0
30.0,-5.0,-4.0,-5.0,30.0,12.0,30.0,20.0,30.0
30.0,-5.0,30.0,-5.0,30.0,10.0,3.0,30.0,30.0
30.0,-5.0,30.0,-5.0,30.0,16.0,30.0,13.0,16.0
30.0,-5.0,30.0,-5.0,30.0,30.0,30.0,30.0,4.0
30.0,-5.0,15.0,-5.0,30.0,30.0,1.0,30.0,30.0
30.0,-5.0,30.0,-5.0,30.0,30.0,1.0,13.0,30.0
30.0,-5.0,21.0,-5.0,30.0,30.0,30.0,30.0,30.0
30.0,-5.0,30.0,-5.0,19.0,30.0,30.0,22.0,2.0
30.0,-5.0,13.0,-5.0,30.0,30.0,-4.0,4.0,30.0
30.0,-5.0,22.0,-5.0,30.0,1.0,30.0,1.0,4.0
30.0,-5.0,30.0,-5.0,4.0,30.0,30.0,10.0,30.0
30.0,-5.0,18.0,-5.0,30.0,30.0,30.0,30.0,30.0
30.0,-5.0,30.0,-5.0,30.0,30.0,30.0,30.0,-4.0
30.0,-5.0,30.0,-5.0,30.0,30.0,-2.0,-2.0,30.0
30.0,-5.0,30.0,-5.0,30.0,19.0,30.0,30.0,30.0
30.0,-5.0,30.0,-5.0,30.0,30.0,30.0,-2.0,7.0
30.0,-5.0,30.0,-5.0,30.0,13.0,30.0,20.0,-1.0
30.0,-5.0,30.0,-5.0,30.0,30.0,30.0,30.0,30.0
30.0,-5.0,30.0,-5.0,30.0,-2.0,30.0,30.0,30.0
30.0,-5.0,1.0,-5.0,30.0,13.0,20.0,30.0,9.0
30.0,-5.0,-2.0,-5.0,30.0,-2.0,16.0,30.0,30.0
30.0,-5.0,30.0,-5.0,30.0,30.0,20.0,30.0,30.0
30.0,-5.0,30.0,-5.0,30.0,30.0,19.0,30.0,7.0
30.0,-5.0,11.0,-5.0,30.0,30.0,16.0,30.0,-4.0
30.0,-5.0,22.0,-5.0,30.0,30.0,30.0,30.0,30.0
30.0,-5.0,16.0,-5.0,30.0,16.0,30.0,30.0,1.0
30.0,-5.0,13.0,-5.0,30.0,30.0,30.0,-2.0,30.0
30.0,-5.0,30.0,-5.0,30.0,30.0,-2.0,30.0,1.0
30.0,-5.0,30.0,-5.0,11.0,7.0,30.0,30.0,30.0
30.0,-5.0,30.0,-5.0,30.0,1.0,30.0,30.0,30.0
30.0,-5.0,30.0,-5.0,30.0,4.0,30.0,20.0,4.0
30.0,-5.0,11.0,-5.0,30.0,30.0,30.0,30.0,13.0
30.0,-5.0,24.0,-5.0,30.0,30.0,30.0,30.0,3.0
30.0,-5.0,30.0,-5.0,30.0,19.0,7.0,30.0,-2.0
30.0,-5.0,4.0,-5.0,30.0,13.0,30.0,30.0,30.0
30.0,-5.0,30.0,-5.0,30.0,13.0,4.0,30.0,4.0
30.0,-5.0,7.0,-5.0,30.0,30.0,30.0,30.0,30.0
30.0,-5.0,30.0,-5.0,30.0,30.0,24.0,30.0,30.0
30.0,-5.0,30.0,-5.0,22.0,30.0,19.0,4.0,13.0
30.0,-5.0,30.0,-5.0,30.0,30.0,30.0,30.0,30.0
30.0,-5.0,30.0,-5.0,30.0,-3.0,30.0,30.0,30.0
30.0,-5.0,30.0,-5.0,30.0,30.0,-2.0,30.0,-4.0
30.0,-5.0,30.0,-5.0,30.0,12.0,30.0,30.0,30.0
30.0,-5.0,30.0,-5.0,30.0,24.0,30.0,30.0,30.0
30.0,-5.0,30.0,-5.0,30.0,7.0,30.0,4.0,30.0
30.0,-5.0,30.0,-5.0,30.0,30.0,30.0,22.0,30.0
30.0,-5.0,30.0,-5.0,30.0,30.0,4.0,30.0,30.0
30.0,-5.0,30.0,-5.0,30.0,30.0,30.0,30.0,30.0
30.0,-5.0,14.0,-5.0,30.0,30.0,-2.0,30.0,30.0
30.0,-5.0,22.0,-5.0,30.0,19.0,30.0,30.0,30.0
30.0,-5.0,30.0,-5.0,30.0,30.0,30.0,4.0,30.0
30.0,-5.0,30.0,-5.0,30.0,30.0,-2.0,30.0,30.0
30.0,-5.0,30.0,-5.0,30.0,30.0,30.0,30.0,30.0
30.0,-5.0,22.0,-5.0,30.0,30.0,30.0,30.0,13.0
30.0,-5.0,30.0,-5.0,30.0,30.0,16.0,1.0,-2.0
30.0,-5.0,30.0,-5.0,11.0,-3.0,3.0,4.0,30.0
30.0,-5.0,30.0,-5.0,30.0,-2.0,30.0,30.0,30.0
30.0,-5.0,30.0,-5.0,30.0,30.0,13.0,30.0,30.0
30.0,-5.0,30.0,-5.0,30.0,30.0,4.0,-4.0,-2.0
30.0,-5.0,-1.0,-5.0,30.0,30.0,30.0,30.0,30.0
30.0,-5.0,13.0,-5.0,7.0,30.0,2.0,30.0,30.0
30.0,-5.0,30.0,-5.0,30.0,10.0,30.0,30.0,1.0
30.0,-5.0,3.0,-5.0,30.0,30.0,30.0,30.0,4.0
30.0,-5.0,30.0,-5.0,30.0,30.0,30.0,30.0,30.0
30.0,-5.0,30.0,-5.0,30.0,-2.0,22.0,21.0,-2.0
30.0,-5.0,30.0,-5.0,2.0,30.0,30.0,0.0,30.0
30.0,-5.0,30.0,-5.0,30.0,3.0,30.0,30.0,30.0
30.0,-5.0,30.0,-5.0,30.0,30.0,7.0,30.0,30.0
30.0,-5.0,30.0,-5.0,30.0,30.0,30.0,30.0,30.0
30.0,-5.0,30.0,-5.0,30.0,22.0,30.0,30.0,30.0
30.0,-5.0,30.0,-5.0,22.0,30.0,10.0,30.0,-3.0
30.0,-5.0,30.0,-5.0,23.0,30.0,30.0,30.0,18.0
30.0,-5.0,30.0,-5.0,30.0,7.0,30.0,30.0,30.0
30.0,-5.0,30.0,-5.0,30.0,11.0,30.0,7.0,13.0
30.0,-5.0,30.0,-5.0,30.0,30.0,-4.0,30.0,15.0
30.0,-5.0,30.0,-5.0,30.0,30.0,30.0,30.0,30.0
30.0,-5.0,1.0,-5.0,30.0,30.0,2.0,30.0,30.0
30.0,-5.0,30.0,-5.0,30.0,30.0,30.0,30.0,18.0
-1.0,-5.0,30.0,-5.0,30.0,30.0,30.0,30.0,7.0
30.0,-5.0,30.0,-5.0,1.0,-3.0,17.0,7.0,16.0
30.0,-5.0,30.0,-5.0,-4.0,30.0,-3.0,30.0,30.0
30.0,-5.0,30.0,-5.0,30.0,-1.0,30.0,30.0,30.0
30.0,-5.0,30.0,-5.0,30.0,30.0,30.0,-3.0,30.0
30.0,-5.0,30.0,-5.0,24.0,-2.0,22.0,21.0,30.0
30.0,-5.0,11.0,-5.0,30.0,30.0,-1.0,30.0,10.0
30.0,-5.0,21.0,-5.0,2.0,1.0,4.0,-2.0,4.0
30.0,-5.0,30.0,-5.0,-3.0,30.0,-2.0,30.0,30.0
30.0,-5.0,30.0,-5.0,24.0,30.0,-3.0,1.0,30.0
30.0,-5.0,30.0,-5.0,19.0,1.0,30.0,30.0,30.0
30.0,-5.0,30.0,-5.0,30.0,30.0,6.0,30.0,19.0
30.0,-5.0,30.0,-5.0,15.0,-3.0,-3.0,-4.0,30.0
30.0,-5.0,30.0,-5.0,30.0,30.0,7.0,30.0,30.0
30.0,-5.0,5.0,-5.0,30.0,30.0,30.0,30.0,30.0
30.0,-5.0,30.0,-5.0,30.0,30.0,30.0,7.0,30.0
30.0,-5.0,1.0,-5.0,30.0,30.0,-2.0,19.0,30.0
30.0,-5.0,30.0,-5.0,30.0,30.0,30.0,-4.0,30.0
30.0,-5.0,30.0,-5.0,30.0,30.0,30.0,30.0,3.0
30.0,-5.0,30.0,-5.0,30.0,30.0,6.0,-3.0,0.0
30.0,-5.0,30.0,-5.0,23.0,2.0,30.0,30.0,8.0
30.0,-5.0,4.0,-5.0,4.0,5.0,1.0,6.0,30.0
30.0,-5.0,30.0,-5.0,30.0,-2.0,17.0,7.0,30.0
30.0,-5.0,16.0,-5.0,30.0,0.0,30.0,30.0,30.0
30.0,-5.0,30.0,-5.0,-2.0,30.0,30.0,30.0,30.0
30.0,-5.0,-3.0,-5.0,30.0,10.0,4.0,30.0,14.0
30.0,-5.0,30.0,-5.0,30.0,-3.0,16.0,30.0,-2.0
30.0,-5.0,30.0,-5.0,30.0,30.0,22.0,-4.0,30.0
30.0,-5.0,16.0,-5.0,30.0,-3.0,30.0,30.0,30.0
30.0,-5.0,-3.0,-5.0,30.0,16.0,30.0,0.0,30.0
30.0,-5.0,30.0,-5.0,30.0,30.0,30.0,30.0,30.0
30.0,-5.0,30.0,-5.0,30.0,14.0,30.0,30.0,7.0
30.0,-5.0,30.0,-5.0,30.0,22.0,30.0,30.0,19.0
30.0,-5.0,30.0,-5.0,30.0,12.0,18.0,10.0,30.0
30.0,-5.0,23.0,-5.0,30.0,30.0,30.0,1.0,30.0
30.0,-5.0,30.0,-5.0,30.0,1.0,8.0,30.0,4.0
30.0,-5.0,30.0,-5.0,30.0,10.0,19.0,5.0,1.0
30.0,-5.0,12.0,-5.0,30.0,30.0,13.0,22.0,19.0
30.0,-5.0,30.0,-5.0,30.0,30.0,30.0,30.0,4.0
30.0,-5.0,30.0,-5.0,30.0,4.0,-4.0,30.0,23.0
30.0,-5.0,30.0,-5.0,30.0,30.0,1.0,30.0,10.0
17.0,-5.0,-4.0,-5.0,30.0,30.0,30.0,30.0,1.0
30.0,-5.0,30.0,-5.0,21.0,6.0,30.0,16.0,30.0
30.0,-5.0,30.0,-5.0,30.0,30.0,19.0,30.0,18.0
30.0,-5.0,30.0,-5.0,30.0,-2.0,16.0,16.0,9.0
30.0,-5.0,30.0,-5.0,30.0,30.0,30.0,30.0,30.0
30.0,-5.0,30.0,-5.0,2.0,30.0,30.0,30.0,0.0
30.0,-5.0,30.0,-5.0,30.0,-2.0,1.0,30.0,30.0
-1.0,-5.0,30.0,-5.0,30.0,22.0,13.0,30.0,30.0
30.0,-5.0,1.0,-5.0,30.0,19.0,30.0,30.0,30.0
30.0,-5.0,7.0,-5.0,30.0,30.0,-2.0,30.0,30.0
30.0,-5.0,30.0,-5.0,30.0,30.0,-2.0,30.0,21.0
30.0,-5.0,30.0,-5.0,30.0,30.0,-4.0,30.0,30.0
30.0,-5.0,30.0,-5.0,30.0,14.0,4.0,30.0,30.0
30.0,-5.0,30.0,-5.0,30.0,-2.0,13.0,30.0,30.0
30.0,-5.0,30.0,-5.0,30.0,30.0,30.0,30.0,30.0
30.0,-5.0,30.0,-5.0,30.0,16.0,30.0,1.0,7.0
30.0,-5.0,30.0,-5.0,30.0,30.0,1.0,30.0,16.0
30.0,-5.0,30.0,-5.0,30.0,7.0,30.0,30.0,30.0
30.0,-5.0,6.0,-5.0,30.0,30.0,30.0,30.0,30.0
30.0,-5.0,30.0,-5.0,30.0,30.0,30.0,30.0,30.0
30.0,-5.0,30.0,-5.0,30.0,30.0,10.0,7.0,30.0
30.0,-5.0,16.0,-5.0,30.0,10.0,30.0,10.0,30.0
30.0,-5.0,24.0,-5.0,15.0,-3.0,30.0,30.0,30.0
30.0,-5.0,30.0,-5.0,30.0,30.0,-2.0,30.0,16.0
30.0,-5.0,2.0,-5.0,30.0,30.0,30.0,30.0,30.0
30.0,-5.0,13.0,-5.0,30.0,1.0,30.0,30.0,30.0
30.0,-5.0,30.0,-5.0,30.0,13.0,30.0,30.0,30.0
30.0,-5.0,30.0,-5.0,30.0,16.0,30.0,30.0,2.0
30.0,-5.0,7.0,-5.0,30.0,30.0,30.0,30.0,30.0
30.0,-5.0,30.0,-5.0,30.0,-3.0,30.0,30.0,30.0
30.0,-5.0,30.0,-5.0,30.0,-2.0,19.0,-2.0,30.0
30.0,-5.0,1.0,-5.0,30.0,18.0,13.0,30.0,30.0
30.0,-5.0,30.0,-5.0,30.0,15.0,30.0,13.0,30.0
30.0,-5.0,4.0,-5.0,30.0,6.0,30.0,30.0,3.0
30.0,-5.0,30.0,-5.0,21.0,30.0,4.0,1.0,30.0
30.0,-5.0,30.0,-5.0,30.0,30.0,24.0,30.0,7.0
30.0,-5.0,30.0,-5.0,30.0,4.0,30.0,30.0,30.0
30.0,-5.0,9.0,-5.0,30.0,30.0,-4.0,30.0,30.0
30.0,-5.0,30.0,-5.0,30.0,13.0,2.0,30.0,-2.0
30.0,-5.0,30.0,-5.0,30.0,13.0,30.0,7.0,30.0
30.0,-5.0,30.0,-5.0,7.0,30.0,22.0,1.0,30.0
30.0,-5.0,7.0,-5.0,30.0,30.0,16.0,1.0,4.0
30.0,-5.0,30.0,-5.0,30.0,19.0,-4.0,30.0,30.0
30.0,-5.0,30.0,-5.0,30.0,4.0,13.0,30.0,30.0
30.0,-5.0,30.0,-5.0,30.0,15.0,30.0,30.0,30.0
30.0,-5.0,30.0,-5.0,30.0,30.0,-3.0,4.0,-3.0
0.0,-5.0,30.0,-5.0,30.0,30.0,4.0,30.0,30.0
30.0,-5.0,22.0,-5.0,-2.0,30.0,30.0,21.0,-4.0
30.0,-5.0,9.0,-5.0,30.0,30.0,30.0,30.0,30.0
30.0,-5.0,8.0,-5.0,30.0,30.0,-4.0,30.0,30.0
30.0,-5.0,30.0,-5.0,30.0,30.0,30.0,30.0,10.0
30.0,-5.0,30.0,-5.0,30.0,1.0,9.0,30.0,-2.0
30.0,-5.0,30.0,-5.0,30.0,30.0,22.0,10.0,19.0
30.0,-5.0,30.0,-5.0,30.0,2.0,30.0,30.0,30.0
30.0,-5.0,30.0,-5.0,30.0,30.0,30.0,30.0,30.0
30.0,-5.0,30.0,-5.0,30.0,30.0,30.0,10.0,-3.0
30.0,-5.0,30.0,-5.0,30.0,30.0,10.0,4.0,30.0
30.0,-5.0,10.0,-5.0,30.0,30.0,-2.0,16.0,10.0
30.0,-5.0,30.0,-5.0,30.0,30.0,30.0,1.0,30.0
30.0,-5.0,30.0,-5.0,30.0,10.0,30.0,0.0,30.0
30.0,-5.0,30.0,-5.0,30.0,30.0,30.0,4.0,30.0
30.0,-5.0,30.0,-5.0,30.0,30.0,30.0,30.0,30.0
30.0,-5.0,30.0,-5.0,30.0,13.0,30.0,10.0,30.0
30.0,-5.0,30.0,-5.0,30.0,30.0,-2.0,13.0,30.0
30.0,-5.0,30.0,-5.0,30.0,30.0,30.0,-4.0,30.0
30.0,-5.0,30.0,-5.0,30.0,30.0,30.0,22.0,30.0
30.0,-5.0,30.0,-5.0,30.0,30.0,-2.0,30.0,30.0
30.0,-5.0,30.0,-5.0,30.0,30.0,30.0,30.0,30.0
30.0,-5.0,30.0,-5.0,30.0,30.0,16.0,-3.0,30.0
30.0,-5.0,-1.0,-5.0,20.0,7.0,30.0,30.0,30.0
30.0,-5.0,18.0,-5.0,30.0,30.0,7.0,30.0,30.0
30.0,-5.0,30.0,-5.0,30.0,4.0,30.0,30.0,30.0
30.0,-5.0,9.0,-5.0,30.0,19.0,30.0,-3.0,30.0
30.0,-5.0,30.0,-5.0,30.0,30.0,30.0,30.0,15.0
30.0,-5.0,30.0,-5.0,30.0,30.0,30.0,21.0,4.0
30.0,-5.0,30.0,-5.0,30.0,30.0,30.0,-3.0,16.0
30.0,-5.0,23.0,-5.0,30.0,30.0,30.0,7.0,30.0
30.0,-5.0,30.0,-5.0,30.0,18.0,7.0,30.0,-1.0
30.0,-5.0,30.0,-5.0,30.0,30.0,-3.0,30.0,30.0
30.0,-5.0,6.0,-5.0,30.0,30.0,13.0,30.0,30.0
30.0,-5.0,6.0,-5.0,30.0,30.0,30.0,30.0,30.0
30.0,-5.0,6.0,-5.0,30.0,-3.0,16.0,30.0,30.0
30.0,-5.0,30.0,-5.0,30.0,-2.0,10.0,30.0,13.0
30.0,-5.0,30.0,-5.0,2.0,19.0,30.0,30.0,18.0
30.0,-5.0,4.0,-5.0,30.0,30.0,30.0,30.0,7.0
30.0,-5.0,30.0,-5.0,30.0,30.0,30.0,30.0,30.0
30.0,-5.0,30.0,-5.0,30.0,-2.0,10.0,30.0,30.0
30.0,-5.0,30.0,-5.0,30.0,30.0,6.0,30.0,30.0
30.0,-5.0,30.0,-5.0,30.0,30.0,30.0,30.0,30.0
30.0,-5.0,30.0,-5.0,30.0,30.0,30.0,30.0,30.0
30.0,-5.0,30.0,-5.0,30.0,30.0,30.0,30.0,30.0
30.0,-5.0,11.0,-5.0,30.0,-4.0,30.0,1.0,30.0
30.0,-5.0,30.0,-5.0,30.0,-4.0,3.0,30.0,17.0
30.0,-5.0,30.0,-5.0,30.0,30.0,30.0,30.0,30.0
30.0,-5.0,30.0,-5.0,24.0,13.0,30.0,6.0,7.0
30.0,-5.0,30.0,-5.0,30.0,30.0,-2.0,30.0,30.0
30.0,-5.0,30.0,-5.0,30.0,14.0,30.0,30.0,-3.0
30.0,-5.0,30.0,-5.0,30.0,30.0,-4.0,30.0,30.0
30.0,-5.0,-4.0,-5.0,30.0,30.0,0.0,30.0,30.0
30.0,-5.0,10.0,-5.0,30.0,30.0,-1.0,30.0,1.0
30.0,-5.0,30.0,-5.0,18.0,30.0,14.0,30.0,30.0
30.0,-5.0,16.0,-5.0,30.0,30.0,30.0,30.0,30.0
30.0,-5.0,21.0,-5.0,30.0,16.0,7.0,30.0,10.0
30.0,-5.0,22.0,-5.0,10.0,30.0,1.0,30.0,6.0
30.0,-5.0,30.0,-5.0,30.0,30.0,30.0,30.0,-4.0
30.0,-5.0,-3.0,-5.0,30.0,30.0,30.0,12.0,7.0
30.0,-5.0,30.0,-5.0,30.0,16.0,14.0,7.0,30.0
30.0,-5.0,1.0,-5.0,30.0,30.0,30.0,30.0,-4.0
30.0,-5.0,19.0,-5.0,30.0,30.0,30.0,30.0,30.0
30.0,-5.0,22.0,-5.0,30.0,30.0,3.0,30.0,-4.0
30.0,-5.0,30.0,-5.0,30.0,30.0,17.0,6.0,4.0
30.0,-5.0,13.0,-5.0,30.0,13.0,30.0,30.0,30.0
30.0,-5.0,30.0,-5.0,30.0,30.0,3.0,30.0,7.0
30.0,-5.0,16.0,-5.0,30.0,30.0,30.0,30.0,30.0
30.0,-5.0,12.0,-5.0,30.0,30.0,16.0,30.0,1.0
30.0,-5.0,30.0,-5.0,30.0,12.0,-3.0,-1.0,30.0
30.0,-5.0,10.0,-5.0,17.0,30.0,1.0,30.0,30.0
30.0,-5.0,30.0,-5.0,30.0,30.0,30.0,30.0,30.0
30.0,-5.0,30.0,-5.0,30.0,30.0,16.0,16.0,30.0
30.0,-5.0,3.0,-5.0,30.0,10.0,10.0,30.0,30.0
30.0,-5.0,30.0,-5.0,30.0,22.0,15.0,30.0,30.0
30.0,-5.0,10.0,-5.0,30.0,30.0,30.0,-3.0,30.0
30.0,-5.0,30.0,-5.0,30.0,30.0,30.0,7.0,19.0
30.0,-5.0,30.0,-5.0,30.0,30.0,30.0,30.0,30.0
30.0,-5.0,-2.0,-5.0,30.0,30.0,30.0,22.0,30.0
30.0,-5.0,21.0,-5.0,30.0,30.0,1.0,19.0,30.0
30.0,-5.0,30.0,-5.0,30.0,30.0,30.0,30.0,30.0
30.0,-5.0,9.0,-5.0,30.0,30.0,30.0,4.0,7.0
30.0,-5.0,30.0,-5.0,30.0,-2.0,30.0,30.0,22.0
30.0,-5.0,30.0,-5.0,19.0,30.0,30.0,-1.0,30.0
30.0,-5.0,30.0,-5.0,30.0,0.0,30.0,-2.0,30.0
30.0,-5.0,14.0,-5.0,30.0,30.0,30.0,30.0,30.0
30.0,-5.0,30.0,-5.0,30.0,16.0,-2.0,30.0,30.0
30.0,-5.0,30.0,-5.0,30.0,30.0,7.0,30.0,23.0
30.0,-5.0,7.0,-5.0,30.0,8.0,30.0,30.0,30.0
30.0,-5.0,30.0,-5.0,15.0,-4.0,30.0,4.0,30.0
30.0,-5.0,30.0,-5.0,30.0,4.0,30.0,30.0,30.0
30.0,-5.0,5.0,-5.0,30.0,30.0,4.0,30.0,30.0
30.0,-5.0,30.0,-5.0,30.0,-4.0,30.0,30.0,30.0
30.0,-5.0,30.0,-5.0,30.0,30.0,30.0,10.0,30.0
30.0,-5.0,7.0,-5.0,30.0,10.0,19.0,30.0,22.0
30.0,-5.0,30.0,-5.0,30.0,30.0,30.0,30.0,13.0
30.0,-5.0,30.0,-5.0,30.0,22.0,30.0,7.0,16.0
30.0,-5.0,21.0,-5.0,30.0,30.0,2.0,0.0,30.0
30.0,-5.0,30.0,-5.0,30.0,30.0,4.0,1.0,-4.0
30.0,-5.0,30.0,-5.0,30.0,30.0,30.0,30.0,30.0
30.0,-5.0,30.0,-5.0,30.0,30.0,30.0,7.0,-3.0
30.0,-5.0,16.0,-5.0,30.0,4.0,30.0,30.0,30.0
30.0,-5.0,30.0,-5.0,30.0,-4.0,30.0,30.0,30.0
30.0,-5.0,30.0,-5.0,30.0,30.0,30.0,6.0,30.0
30.0,-5.0,30.0,-5.0,0.0,-3.0,30.0,30.0,1.0
30.0,-5.0,17.0,-5.0,30.0,30.0,30.0,13.0,30.0
30.0,-5.0,6.0,-5.0,30.0,7.0,30.0,1.0,30.0
30.0,-5.0,17.0,-5.0,5.0,19.0,30.0,30.0,30.0
30.0,-5.0,14.0,-5.0,16.0,13.0,10.0,-2.0,30.0
30.0,-5.0,30.0,-5.0,30.0,16.0,30.0,30.0,30.0
30.0,-5.0,30.0,-5.0,24.0,30.0,30.0,30.0,30.0
30.0,-5.0,30.0,-5.0,30.0,-2.0,30.0,30.0,-3.0
30.0,-5.0,30.0,-5.0,-1.0,30.0,30.0,30.0,30.0
30.0,-5.0,4.0,-5.0,6.0,30.0,30.0,4.0,30.0
30.0,-5.0,7.0,-5.0,4.0,-1.0,22.0,6.0,30.0
